﻿<?xml version="1.0" encoding="utf-8"?>
<ImportExportXml version="9.2.22071.176" SolutionPackageVersion="9.2" languagecode="1033" generatedBy="CrmLive" xmlns:xsi="http://www.w3.org/2001/XMLSchema-instance">
  <SolutionManifest>
    <UniqueName>WheelsContoso</UniqueName>
    <LocalizedNames>
      <LocalizedName description="Wheels Contoso" languagecode="1033" />
    </LocalizedNames>
    <Descriptions />
    <Version>1.0.0.0</Version>
    <Managed>0</Managed>
    <Publisher>
      <UniqueName>MSFTUnifiedSupport</UniqueName>
      <LocalizedNames>
        <LocalizedName description="MSFT Unified Support" languagecode="1033" />
      </LocalizedNames>
      <Descriptions>
        <Description description="Assests created as part of the Unified Support Microsoft offers to learn and adopt the Power Platform" languagecode="1033" />
      </Descriptions>
      <EMailAddress xsi:nil="true"></EMailAddress>
      <SupportingWebsiteUrl xsi:nil="true"></SupportingWebsiteUrl>
      <CustomizationPrefix>msus</CustomizationPrefix>
      <CustomizationOptionValuePrefix>10000</CustomizationOptionValuePrefix>
      <Addresses>
        <Address>
          <AddressNumber>1</AddressNumber>
          <AddressTypeCode>1</AddressTypeCode>
          <City xsi:nil="true"></City>
          <County xsi:nil="true"></County>
          <Country xsi:nil="true"></Country>
          <Fax xsi:nil="true"></Fax>
          <FreightTermsCode xsi:nil="true"></FreightTermsCode>
          <ImportSequenceNumber xsi:nil="true"></ImportSequenceNumber>
          <Latitude xsi:nil="true"></Latitude>
          <Line1 xsi:nil="true"></Line1>
          <Line2 xsi:nil="true"></Line2>
          <Line3 xsi:nil="true"></Line3>
          <Longitude xsi:nil="true"></Longitude>
          <Name xsi:nil="true"></Name>
          <PostalCode xsi:nil="true"></PostalCode>
          <PostOfficeBox xsi:nil="true"></PostOfficeBox>
          <PrimaryContactName xsi:nil="true"></PrimaryContactName>
          <ShippingMethodCode>1</ShippingMethodCode>
          <StateOrProvince xsi:nil="true"></StateOrProvince>
          <Telephone1 xsi:nil="true"></Telephone1>
          <Telephone2 xsi:nil="true"></Telephone2>
          <Telephone3 xsi:nil="true"></Telephone3>
          <TimeZoneRuleVersionNumber xsi:nil="true"></TimeZoneRuleVersionNumber>
          <UPSZone xsi:nil="true"></UPSZone>
          <UTCOffset xsi:nil="true"></UTCOffset>
          <UTCConversionTimeZoneCode xsi:nil="true"></UTCConversionTimeZoneCode>
        </Address>
        <Address>
          <AddressNumber>2</AddressNumber>
          <AddressTypeCode>1</AddressTypeCode>
          <City xsi:nil="true"></City>
          <County xsi:nil="true"></County>
          <Country xsi:nil="true"></Country>
          <Fax xsi:nil="true"></Fax>
          <FreightTermsCode xsi:nil="true"></FreightTermsCode>
          <ImportSequenceNumber xsi:nil="true"></ImportSequenceNumber>
          <Latitude xsi:nil="true"></Latitude>
          <Line1 xsi:nil="true"></Line1>
          <Line2 xsi:nil="true"></Line2>
          <Line3 xsi:nil="true"></Line3>
          <Longitude xsi:nil="true"></Longitude>
          <Name xsi:nil="true"></Name>
          <PostalCode xsi:nil="true"></PostalCode>
          <PostOfficeBox xsi:nil="true"></PostOfficeBox>
          <PrimaryContactName xsi:nil="true"></PrimaryContactName>
          <ShippingMethodCode>1</ShippingMethodCode>
          <StateOrProvince xsi:nil="true"></StateOrProvince>
          <Telephone1 xsi:nil="true"></Telephone1>
          <Telephone2 xsi:nil="true"></Telephone2>
          <Telephone3 xsi:nil="true"></Telephone3>
          <TimeZoneRuleVersionNumber xsi:nil="true"></TimeZoneRuleVersionNumber>
          <UPSZone xsi:nil="true"></UPSZone>
          <UTCOffset xsi:nil="true"></UTCOffset>
          <UTCConversionTimeZoneCode xsi:nil="true"></UTCConversionTimeZoneCode>
        </Address>
      </Addresses>
    </Publisher>
    <RootComponents>
      <RootComponent type="1" schemaName="msus_pickuppoint" behavior="0" />
      <RootComponent type="1" schemaName="msus_seatbooking" behavior="0" />
      <RootComponent type="1" schemaName="msus_vehicle" behavior="0" />
      <RootComponent type="1" schemaName="msus_wheelsad" behavior="0" />
      <RootComponent type="9" schemaName="msus_zone" behavior="0" />
      <RootComponent type="20" id="{3eaf78df-cf0e-ed11-82e5-0022481ecfa8}" behavior="0" />
      <RootComponent type="29" id="{7b13ceec-b70e-ed11-82e5-0022481ecfa8}" behavior="0" />
      <RootComponent type="29" id="{83d038fe-ce0e-ed11-82e5-0022481ecfa8}" behavior="0" />
      <RootComponent type="61" schemaName="msus_car_icon" behavior="0" />
      <RootComponent type="61" schemaName="msus_pickup_point_icon" behavior="0" />
      <RootComponent type="61" schemaName="msus_seat_icon" behavior="0" />
      <RootComponent type="61" schemaName="msus_wheels_ad_icon" behavior="0" />
      <RootComponent type="62" schemaName="msus_WheelsContosoadminapp" behavior="0" />
      <RootComponent type="80" schemaName="msus_WheelsContosoadminapp" behavior="0" />
      <RootComponent type="300" schemaName="msus_app_fd35d" behavior="0" />
      <RootComponent type="300" schemaName="msus_wheelscontoso_b3648" behavior="0" />
      <RootComponent type="372" id="{2fe416da-e01b-4d11-ba62-10ff58a2b8ac}" schemaName="msus_google-20maps-20places-20api" behavior="0" />
    </RootComponents>
    <MissingDependencies>
      <MissingDependency>
        <Required type="61" schemaName="msdyn_/Images/AppModule_Default_Icon.png" displayName="msdyn_/Images/AppModule_Default_Icon.png" solution="AppModuleWebResources (2.5)" />
        <Dependent type="80" schemaName="msus_WheelsContosoadminapp" displayName="Wheels Contoso - admin app" />
      </MissingDependency>
    </MissingDependencies>
  </SolutionManifest>
</ImportExportXml>